Keywords,Target Language,Context
Wedding Planning Tips,English,Essential Tips for a Smooth Wedding Planning Journey
Bridal Fashion Trends,English,Top Wedding Dress Styles for 2024
Budget-Friendly Weddings,English,How to Plan a Beautiful Wedding on a Budget
Destination Weddings,English,Guide to Planning Your Dream Destination Wedding
Wedding Venue Selection,English,Choosing the Perfect Wedding Venue: Factors to Consider
DIY Wedding Decor,English,Creative DIY Wedding Decoration Ideas for 2024
Wedding Catering Guide,English,Crafting the Perfect Wedding Menu
Wedding Photography Tips,English,Capturing Timeless Moments: Wedding Photography Essentials
Wedding Music Selection,English,Creating the Perfect Playlist for Your Wedding Day
Eco-Friendly Weddings,English,Sustainable Wedding Ideas for Environmentally Conscious Couples
Wedding Invitation Etiquette,English,Guide to Wedding Invitation Wording and Etiquette
Bridal Party Responsibilities,English,Roles and Duties of Your Bridal Party
Groom's Guide to Wedding Planning,English,Wedding Planning Tips for the Modern Groom
Wedding Day Timeline,English,Creating a Stress-Free Wedding Day Schedule
Wedding Flower Arrangements,English,Seasonal Wedding Flowers and Arrangement Ideas
Wedding Cake Trends,English,Unique Wedding Cake Designs for 2024
Honeymoon Planning Guide,English,Planning the Perfect Post-Wedding Getaway
Wedding Hair and Makeup Tips,English,Bridal Beauty: Hair and Makeup Trends for 2024
Wedding Vow Writing Guide,English,How to Write Heartfelt and Memorable Wedding Vows
Wedding Guest Etiquette,English,Do's and Don'ts for Wedding Guests in 2024
Wedding Videography,English,Capturing Your Love Story: Wedding Videography Tips
Bridal Shower Ideas,English,Creative Themes for a Memorable Bridal Shower
Bachelor Party Planning,English,Planning an Unforgettable Bachelor Party
Bachelorette Party Ideas,English,Fun and Unique Bachelorette Party Themes
Wedding Registry Tips,English,Creating a Wedding Registry That Works for You
Wedding Transportation,English,Stylish Wedding Transportation Ideas
Wedding Lighting Guide,English,Setting the Mood: Wedding Lighting Tips and Tricks
Cultural Wedding Traditions,English,Incorporating Cultural Elements into Your Wedding
Outdoor Wedding Tips,English,Planning a Gorgeous Outdoor Wedding: What You Need to Know
Winter Wedding Ideas,English,Magical Winter Wedding Inspiration for 2024
Spring Wedding Themes,English,Fresh and Vibrant Spring Wedding Ideas
Summer Wedding Essentials,English,Beating the Heat: Summer Wedding Planning Tips
Fall Wedding Inspiration,English,Cozy and Romantic Fall Wedding Ideas
Wedding Rehearsal Dinner,English,Planning a Memorable Wedding Rehearsal Dinner
Wedding Favors Guide,English,Unique and Thoughtful Wedding Favor Ideas
Wedding Fitness and Wellness,English,Bridal Wellness: Preparing Mind and Body for Your Big Day
Wedding Dress Shopping Tips,English,Finding Your Dream Wedding Dress: A Complete Guide
Groom's Attire Guide,English,Stylish Groom and Groomsmen Attire for 2024
Wedding Seating Chart,English,Creating a Stress-Free Wedding Seating Plan
Wedding Cocktail Hour Ideas,English,Entertaining Your Guests: Cocktail Hour Tips and Tricks
Wedding Ceremony Rituals,English,Meaningful Wedding Ceremony Rituals and Traditions
Wedding Toast Tips,English,How to Give a Memorable Wedding Toast
Wedding Entertainment Ideas,English,Unique Wedding Entertainment Ideas to Wow Your Guests
Bridal Accessories Guide,English,Completing Your Bridal Look: Essential Accessories
Wedding Insurance Guide,English,Protecting Your Big Day: Wedding Insurance Explained
Minimalist Wedding Ideas,English,Elegant Simplicity: Planning a Minimalist Wedding
Rustic Wedding Inspiration,English,Charming Rustic Wedding Ideas for 2024
Luxury Wedding Planning,English,Creating a Lavish and Unforgettable Wedding Experience
Wedding Day Emergency Kit,English,Must-Have Items for Your Wedding Day Emergency Kit
Wedding Thank You Notes,English,Writing Heartfelt Wedding Thank You Notes
Same-Sex Wedding Planning,English,Inclusive Wedding Planning Tips for LGBTQ+ Couples
Micro Wedding Guide,English,Planning an Intimate Micro Wedding in 2024
Wedding Social Media Etiquette,English,Navigating Social Media on Your Wedding Day
Post-Wedding Brunch Ideas,English,Planning a Delightful Post-Wedding Brunch
Wedding Vendor Negotiation,English,Tips for Negotiating with Wedding Vendors
Wedding Trends 2025,English,Sneak Peek: Upcoming Wedding Trends for 2025

---
